email,subject,body
reception@hbomfs.com,"15-min question on your OMFS case review workflow","Hi Huntington Beach OMFS team,

I am Emmanuel, founder of MedViz.

I help oral and maxillofacial teams run private browser-based 3D case review with measurements, annotations, secure share links, and report export, without local software installs.

I reached out because your center appears to run a multi-doctor OMFS workflow where faster shared case review can remove coordination delays.

I am opening 2 pilot slots this month:
- MedViz Pilot Sprint
- $1,000 upfront
- 7-day setup on one de-identified workflow/case

Would you be open to a 15-minute workflow call this week?

Best,
Emmanuel
https://medviz-web-editor.vercel.app/"
Drfarshidi@ocmaxsurgery.com,"Pilot slot for OC Maxillofacial Surgery Center (7-day setup)","Hi Dr. Farshidi,

I am Emmanuel, founder of MedViz.

I help oral and maxillofacial teams run private browser-based 3D case review with measurements, annotations, secure share links, and report export, without local software installs.

I reached out because OC Maxillofacial Surgery Center appears to handle OMFS and implant workflows that benefit from clearer multi-stakeholder case review.

I am opening 2 pilot slots this month:
- MedViz Pilot Sprint
- $1,000 upfront
- 7-day setup on one de-identified workflow/case

Would you be open to a 15-minute workflow call this week?

Best,
Emmanuel
https://medviz-web-editor.vercel.app/"
office@northwestfloridaoms.com,"Quick workflow fit check for Northwest Florida OMS","Hi Northwest Florida OMS team,

I am Emmanuel, founder of MedViz.

I help oral and maxillofacial teams run private browser-based 3D case review with measurements, annotations, secure share links, and report export, without local software installs.

I reached out because your practice highlights implants, jaw surgery, trauma, and referral workflows where cleaner browser-based review can improve communication speed.

I am opening 2 pilot slots this month:
- MedViz Pilot Sprint
- $1,000 upfront
- 7-day setup on one de-identified workflow/case

Would you be open to a 15-minute workflow call this week?

Best,
Emmanuel
https://medviz-web-editor.vercel.app/"
info@njfacialsurgery.com,"Pilot sprint for your maxillofacial case review flow","Hi Maxillofacial Surgery Center for Excellence team,

I am Emmanuel, founder of MedViz.

I help oral and maxillofacial teams run private browser-based 3D case review with measurements, annotations, secure share links, and report export, without local software installs.

I reached out because your reconstructive and maxillofacial workflow looks like a strong fit for a private, repeatable review process.

I am opening 2 pilot slots this month:
- MedViz Pilot Sprint
- $1,000 upfront
- 7-day setup on one de-identified workflow/case

Would you be open to a 15-minute workflow call this week?

Best,
Emmanuel
https://medviz-web-editor.vercel.app/"
face2facesurgeryoffice@gmail.com,"15-min workflow call for Face2Face Maxillofacial Surgery Centre","Hi Face2Face team,

I am Emmanuel, founder of MedViz.

I help oral and maxillofacial teams run private browser-based 3D case review with measurements, annotations, secure share links, and report export, without local software installs.

I reached out because your center's direct appointment and case coordination flow seems like a strong fit for a private review portal pilot.

I am opening 2 pilot slots this month:
- MedViz Pilot Sprint
- $1,000 upfront
- 7-day setup on one de-identified workflow/case

Would you be open to a 15-minute workflow call this week?

Best,
Emmanuel
https://medviz-web-editor.vercel.app/"
